topic-id,hypothetical_document
1,"**Origin of COVID-19: Understanding SARS-CoV-2**

COVID-19, caused by the novel coronavirus SARS-CoV-2, emerged in late 2019 and has since led to a global pandemic. The origin of SARS-CoV-2 is a subject of extensive research and debate, focusing on its evolutionary history, potential animal sources, and the circumstances surrounding its first transmission to humans.

**Evolution and Genetic Makeup:**
SARS-CoV-2 is part of the Coronaviridae family, which includes other viruses such as SARS-CoV and MERS-CoV. Genetic analyses indicate that SARS-CoV-2 is closely related to coronaviruses found in bats, particularly a strain known as RaTG13, which shares approximately 96% of its genome with SARS-CoV-2. This suggests that bats are a natural reservoir for the virus. However, the exact pathway of transmission from bats to humans remains unclear.

**Potential Animal Sources:**
While bats are considered the primary reservoir, it is hypothesized that an intermediate host may have facilitated the virus's jump to humans. Early investigations pointed to the Huanan Seafood Wholesale Market in Wuhan, China, where live animals were sold, as a potential site for zoonotic transmission. Some studies suggested pangolins as possible intermediate hosts due to the presence of coronaviruses with similarities to SARS-CoV-2. However, definitive evidence linking pangolins or any other species as the intermediary host has not been established.

**First Transmission to Humans:**
The first known cases of COVID-19 were reported in Wuhan in December 2019. Epidemiological studies indicated that many of the initial patients had links to the seafood market, suggesting that the virus may have been transmitted to humans in that environment. However, retrospective analyses have identified earlier cases that were not directly connected to the market, indicating that human-to-human transmission may have occurred prior to the outbreak being recognized.

**Conclusion:**
The origin of SARS-CoV-2 is complex and multifaceted, involving evolutionary processes and potential zoonotic transmission. Ongoing research aims to clarify the virus's origins, identify the animal sources, and understand the mechanisms of its transmission to humans. Understanding these factors is crucial for preventing future pandemics and enhancing global health security."
2,"**Document: Coronavirus Response to Weather Changes**

The SARS-CoV-2 virus, responsible for COVID-19, exhibits varying viability and transmission dynamics influenced by weather and climate conditions. Research indicates that environmental factors such as temperature, humidity, and ultraviolet (UV) radiation can impact the virus's stability and the likelihood of human transmission.

1. **Temperature**: Studies have shown that SARS-CoV-2 tends to be more stable at lower temperatures. The virus can survive longer on surfaces in cooler conditions, with viability decreasing as temperatures rise. For instance, at temperatures around 4°C (39°F), the virus can remain infectious for several days, while at higher temperatures (around 30-40°C or 86-104°F), its viability diminishes significantly.

2. **Humidity**: Relative humidity also plays a crucial role in the virus's stability. High humidity levels (above 60%) can reduce the virus's lifespan on surfaces and in aerosols. Conversely, low humidity (below 40%) may enhance the virus's transmission potential, as dry air can facilitate aerosolization and prolong the virus's airborne presence.

3. **UV Radiation**: Ultraviolet light has been shown to inactivate SARS-CoV-2 effectively. Higher levels of UV radiation, typically present in sunny conditions, can reduce the virus's viability on surfaces and in the air. This suggests that outdoor environments with ample sunlight may pose a lower risk for transmission compared to enclosed spaces.

4. **Seasonal Variations**: Seasonal changes can influence human behavior, which in turn affects transmission rates. For example, colder months often lead to increased indoor gatherings, facilitating virus spread. Conversely, warmer months may encourage outdoor activities, potentially reducing transmission risk.

5. **Geographical Differences**: Different regions exhibit varying transmission patterns based on local climate conditions. Tropical regions may experience year-round transmission due to consistent temperatures and humidity levels, while temperate regions may see seasonal peaks.

In summary, while weather and climate factors can influence the viability and transmission of SARS-CoV-2, human behavior and public health measures remain critical in controlling the spread of the virus. Continued research is essential to fully understand these dynamics and inform effective response strategies."
3,"**Document: Immunity to SARS-CoV-2 and Cross-Protection from Other Coronaviruses**

The immune response to SARS-CoV-2, the virus responsible for COVID-19, has been a significant area of research since the onset of the pandemic. Studies indicate that individuals who have been infected with SARS-CoV-2 typically develop an immune response characterized by the production of neutralizing antibodies, T-cell responses, and memory B cells. These immune components can provide varying degrees of protection against reinfection. 

Research has shown that most individuals who recover from COVID-19 develop antibodies that can neutralize the virus, with levels peaking within weeks of infection and gradually declining over time. However, the durability of this immunity is still under investigation. Some studies suggest that immunity may last for several months, while others indicate that reinfections can occur, particularly with the emergence of new variants.

Cross-protection refers to the immune response generated by one pathogen that can provide some level of protection against a different but related pathogen. In the case of coronaviruses, there are four common strains that cause mild respiratory illnesses in humans, and there are also other coronaviruses that can cause severe disease, such as MERS-CoV and SARS-CoV. Some studies have suggested that prior exposure to these other coronaviruses may elicit a degree of cross-reactive immunity to SARS-CoV-2. For instance, T-cell responses from previous infections with seasonal coronaviruses have been observed to recognize SARS-CoV-2 proteins, potentially offering some level of protection.

However, the extent and effectiveness of this cross-protection remain uncertain. While some individuals may have pre-existing immunity due to past infections with other coronaviruses, the degree to which this immunity can prevent SARS-CoV-2 infection or mitigate disease severity is still being studied. 

In summary, individuals infected with SARS-CoV-2 generally develop some level of immunity, but the longevity and effectiveness of this immunity can vary. Cross-protection from other coronaviruses is a promising area of research, but further studies are needed to fully understand its implications for SARS-CoV-2 immunity and public health strategies."
4,"**Mechanisms of Death from COVID-19**

COVID-19, caused by the SARS-CoV-2 virus, can lead to severe illness and death through several interconnected mechanisms. Understanding these pathways is crucial for developing effective treatments and preventive measures.

1. **Acute Respiratory Distress Syndrome (ARDS)**: One of the most common causes of death in COVID-19 patients is ARDS, a severe lung condition characterized by widespread inflammation and fluid accumulation in the alveoli. This impairs gas exchange, leading to hypoxemia (low blood oxygen levels) and respiratory failure. Patients may require mechanical ventilation to support breathing.

2. **Cytokine Storm**: COVID-19 can trigger an exaggerated immune response known as a cytokine storm, where the body releases an overwhelming amount of inflammatory cytokines. This hyper-inflammatory response can damage lung tissue, lead to multi-organ failure, and increase the risk of thrombosis (blood clots), contributing to mortality.

3. **Thromboembolic Events**: COVID-19 is associated with an increased risk of thromboembolic complications, including deep vein thrombosis (DVT) and pulmonary embolism (PE). These conditions can occur due to the virus's effects on the vascular system, leading to clot formation and obstruction of blood flow, which can be fatal.

4. **Secondary Infections**: Patients with severe COVID-19 are at higher risk for secondary bacterial infections, such as pneumonia. These infections can complicate the clinical picture and lead to further respiratory failure and sepsis, increasing the likelihood of death.

5. **Organ Failure**: The virus can affect multiple organ systems, including the heart, kidneys, and liver. Myocarditis (inflammation of the heart muscle) and acute kidney injury are notable complications that can arise, leading to multi-organ failure, which is often fatal.

6. **Pre-existing Conditions**: Individuals with underlying health conditions such as diabetes, hypertension, obesity, and cardiovascular diseases are at a higher risk of severe outcomes from COVID-19. These comorbidities can exacerbate the effects of the virus, leading to increased mortality rates.

7. **Age and Immune Response**: Age is a significant risk factor, with older adults experiencing more severe disease due to a decline in immune function. The ability of the immune system to respond effectively to the virus diminishes with age, leading to higher mortality rates in older populations.

In summary, death from COVID-19 can result from a combination of respiratory failure, systemic inflammation, thromboembolic events, secondary infections, and the exacerbation of pre-existing health conditions. Ongoing research continues to explore these mechanisms to improve patient outcomes and develop targeted therapies."
5,"**Animal Models of COVID-19: Drugs Active Against SARS-CoV and SARS-CoV-2**

The emergence of SARS-CoV-2, the virus responsible for COVID-19, has prompted extensive research into potential therapeutic agents. Animal models have been pivotal in evaluating the efficacy of various drugs against SARS-CoV and SARS-CoV-2. These models, including mice, ferrets, and non-human primates, have provided insights into the pathogenesis of the virus and the effectiveness of antiviral treatments.

1. **Monoclonal Antibodies**: Several studies have demonstrated the efficacy of monoclonal antibodies targeting the spike protein of SARS-CoV-2. For instance, research involving transgenic mice expressing human ACE2 has shown that monoclonal antibodies, such as Bamlanivimab and Casirivimab, can significantly reduce viral load and improve clinical outcomes. These antibodies bind to the receptor-binding domain of the spike protein, preventing the virus from entering host cells.

2. **Remdesivir**: This antiviral drug, originally developed for Ebola, has shown promise in animal models. In studies using rhesus macaques, Remdesivir was found to reduce viral replication and improve lung function when administered early in the course of infection. The drug acts by inhibiting viral RNA polymerase, thereby halting viral replication.

3. **Favipiravir**: In ferret models, Favipiravir has demonstrated antiviral activity against SARS-CoV-2. Studies indicated that treatment with Favipiravir led to reduced viral loads in respiratory tissues and improved clinical signs of infection. The drug works by interfering with viral RNA synthesis.

4. **Lopinavir/ritonavir**: This combination therapy, commonly used for HIV, has been tested in animal models with mixed results. In some studies, it showed a reduction in viral load in infected macaques, although its efficacy was less pronounced compared to other antiviral agents.

5. **Interferons**: Animal studies have also explored the use of interferons, particularly interferon-beta, which has shown antiviral effects in mice and ferrets. Interferons enhance the host's immune response and can inhibit viral replication, leading to improved outcomes in infected animals.

6. **Inhibitors of Host Cell Factors**: Research has also focused on drugs that target host cell factors essential for viral entry and replication. For example, the use of protease inhibitors and entry inhibitors has been investigated in various animal models, showing potential in reducing viral load and disease severity.

In addition to these pharmacological agents, studies utilizing cell culture assays have provided valuable data on the mechanisms of action of these drugs and their effectiveness against SARS-CoV-2. These findings are crucial for the ongoing development of therapeutic strategies to combat COVID-19 and highlight the importance of animal models in the drug discovery process. 

Overall, the research landscape is rapidly evolving, with ongoing studies aimed at identifying and validating new therapeutic options against SARS-CoV-2, utilizing both animal models and cell culture systems to inform clinical applications."
6,"**Rapid Testing for COVID-19: Types and Developments**

The COVID-19 pandemic has necessitated the rapid development of diagnostic tests to identify infections quickly and effectively. Rapid testing for COVID-19 primarily includes two main types: antigen tests and molecular tests (specifically, rapid PCR tests).

1. **Antigen Tests**: These tests detect specific proteins from the virus. They are designed to provide results in as little as 15 to 30 minutes. Antigen tests are generally less sensitive than PCR tests, meaning they may miss some infections, particularly in individuals with low viral loads. However, they are advantageous for their speed and ease of use, making them suitable for large-scale screening in various settings, such as schools and workplaces. Studies have shown that while antigen tests can be less reliable than PCR tests, they are effective in identifying individuals who are most infectious.

2. **Rapid PCR Tests**: These tests utilize the polymerase chain reaction (PCR) technology but are designed to deliver results much faster than traditional PCR tests, often within 30 minutes to an hour. Rapid PCR tests are more sensitive and specific than antigen tests, making them a preferred option in clinical settings where accuracy is critical. They work by amplifying the viral RNA, allowing for the detection of even small amounts of the virus.

3. **Lateral Flow Tests**: A subset of antigen tests, lateral flow tests are simple devices that provide qualitative results without the need for specialized equipment. They are user-friendly and can be administered at home or in community settings. These tests have been widely used for screening purposes, especially in asymptomatic individuals.

4. **Saliva Tests**: Some rapid tests utilize saliva samples instead of nasal swabs. These tests can be less invasive and easier to administer, potentially increasing testing compliance. Saliva-based rapid tests are still under evaluation, but preliminary studies suggest they can be effective in detecting the virus.

5. **Emerging Technologies**: Research is ongoing to develop even faster and more accurate testing methods, including CRISPR-based tests and other novel biosensors. These technologies aim to provide results in real-time and could revolutionize the way COVID-19 is diagnosed.

In conclusion, rapid testing for COVID-19 has evolved significantly, with various types of tests available to meet the urgent need for quick diagnosis. While antigen tests offer speed, rapid PCR tests provide higher accuracy. Ongoing research continues to enhance the effectiveness and accessibility of these diagnostic tools, which are crucial in managing the pandemic and controlling the spread of the virus."
7,"Serological tests for coronavirus, specifically SARS-CoV-2, are designed to detect antibodies in the blood that indicate a person's immune response to the virus. These tests are crucial for understanding past infections and assessing potential immunity to COVID-19. The primary antibodies measured in these assays are Immunoglobulin M (IgM) and Immunoglobulin G (IgG). 

IgM antibodies typically appear within the first week of infection and indicate a recent exposure to the virus, while IgG antibodies develop later, usually within 1-3 weeks, and suggest a past infection. The presence of IgG antibodies may imply some level of immunity, although the duration and effectiveness of this immunity are still under investigation.

Several types of serological assays are available, including enzyme-linked immunosorbent assays (ELISA), lateral flow assays (rapid tests), and neutralization tests. ELISA tests are commonly used in research and clinical settings due to their sensitivity and specificity. Rapid tests provide quicker results but may vary in accuracy.

It is important to note that serological tests are not intended for diagnosing active COVID-19 infections; they are used to assess the immune response after infection or vaccination. The interpretation of results should be done cautiously, as the presence of antibodies does not guarantee complete immunity or protection against reinfection. Ongoing research continues to evaluate the correlation between antibody presence and actual immunity, as well as the longevity of the immune response following infection or vaccination. 

In summary, serological tests for coronavirus are valuable tools for determining past infections and evaluating immune responses, but they should be used in conjunction with other diagnostic methods and public health guidelines."
8,"**Impact of Lack of Testing Availability on Underreporting of COVID-19 Incidence and Prevalence**

The COVID-19 pandemic has highlighted significant challenges in public health surveillance, particularly regarding the availability and accessibility of testing. A lack of comprehensive testing has been a critical factor contributing to the underreporting of the true incidence and prevalence of COVID-19. Several studies have examined this issue, revealing that inadequate testing capacity leads to a substantial underestimation of the number of infections in the community.

One of the primary reasons for underreporting is that many individuals infected with SARS-CoV-2 remain asymptomatic or exhibit mild symptoms, which may not prompt them to seek testing. Research published in journals such as *Nature* and *The Lancet* has shown that asymptomatic cases can account for a significant proportion of total infections, with estimates suggesting that asymptomatic individuals may represent 40-80% of all cases. Without widespread testing, these individuals go undetected, contributing to the underreporting of true incidence rates.

Moreover, studies have indicated that disparities in testing availability can exacerbate underreporting. Populations in rural areas or those with limited healthcare access often face barriers to testing, leading to lower reported case numbers in these regions. A study conducted by the CDC found that areas with higher socioeconomic status had better access to testing resources, resulting in more accurate reporting of COVID-19 cases compared to underserved communities.

The lack of testing not only affects incidence rates but also impacts prevalence estimates. Prevalence refers to the total number of cases (both current and past) in a population at a given time. Inadequate testing means that many individuals who have recovered from COVID-19 may not be counted in prevalence statistics, leading to a skewed understanding of the virus's impact on public health.

Furthermore, mathematical modeling studies have demonstrated that underreporting due to insufficient testing can lead to misinformed public health responses. For instance, models that incorporate testing data have shown that the true number of infections is often several times higher than reported cases, which can influence decisions regarding lockdowns, resource allocation, and vaccination strategies.

In conclusion, the lack of testing availability has significantly contributed to the underreporting of COVID-19 incidence and prevalence. This underreporting has critical implications for public health policy and response strategies, emphasizing the need for improved testing infrastructure and accessibility to ensure accurate tracking of the virus and its impact on communities. Continued research and investment in testing capabilities are essential to address these gaps and enhance our understanding of the pandemic's true scope."
9,"**Impact of COVID-19 on Canada: A Comprehensive Overview**

The COVID-19 pandemic has significantly affected Canada since its onset in early 2020. As of October 2023, Canada has reported millions of confirmed cases of COVID-19, with the number of infections fluctuating due to various waves of the virus, including the emergence of new variants. The Public Health Agency of Canada (PHAC) has been actively monitoring and reporting data related to confirmed and suspected cases, as well as projections based on modeling studies.

**Infection Data:**
As of late 2023, Canada has recorded over 4 million confirmed cases of COVID-19. The number of suspected cases has been challenging to quantify due to varying testing capacities and protocols across provinces. Projections indicate that while the number of new infections has decreased compared to the peak periods, localized outbreaks continue to occur, particularly in areas with lower vaccination rates.

**Health Outcomes:**
The health outcomes associated with COVID-19 have varied widely among different demographics. Common symptoms include fever, cough, fatigue, and loss of taste or smell, with some individuals experiencing long-term effects known as ""long COVID."" Hospitalization rates have been particularly high among older adults and those with underlying health conditions. As of October 2023, approximately 200,000 hospitalizations have been attributed to COVID-19, with a significant proportion requiring intensive care unit (ICU) admission.

**Intensive Care and Mortality:**
The demand for ICU beds surged during peak infection periods, leading to strain on the healthcare system. Mortality rates have varied, with the overall case fatality rate estimated at around 1.5% to 2%, though this has been higher among older populations and those with comorbidities. As of October 2023, Canada has reported over 50,000 deaths due to COVID-19, highlighting the severe impact of the virus on public health.

**Conclusion:**
The COVID-19 pandemic has profoundly affected Canada, with significant implications for public health, healthcare resources, and societal functioning. Ongoing vaccination efforts, public health measures, and surveillance are crucial in managing the virus and mitigating its impact on the population. Continued research and data collection will be essential in understanding the long-term effects of COVID-19 and preparing for future public health challenges."
10,"**Impact of Social Distancing on Slowing the Spread of COVID-19**

Social distancing measures have been a cornerstone of public health strategies aimed at controlling the spread of COVID-19. Numerous studies have investigated the effectiveness of these measures in reducing transmission rates. A systematic review published in the journal *Health Affairs* in June 2020 analyzed data from various countries and found that social distancing measures, including the closure of schools and non-essential businesses, significantly reduced the transmission of the virus. The study estimated that these interventions could reduce the reproduction number (R0) of the virus by approximately 40-60%.

Another study conducted by the Institute for Health Metrics and Evaluation (IHME) utilized modeling to assess the impact of social distancing in the United States. The findings indicated that states that implemented strict social distancing measures saw a marked decrease in COVID-19 cases compared to those that delayed or did not enforce such measures. For instance, the early implementation of stay-at-home orders in California was associated with a significant decline in the number of new infections, demonstrating a direct correlation between social distancing and reduced transmission rates.

Furthermore, a study published in *Nature* in May 2020 examined the effects of social distancing in various urban areas. Researchers found that cities that adopted social distancing earlier experienced a slower growth rate of COVID-19 cases. The analysis highlighted that the timing and strictness of social distancing measures were critical factors in controlling outbreaks.

In addition to quantitative studies, qualitative research has also underscored the importance of public compliance with social distancing guidelines. Surveys indicated that communities with higher adherence to social distancing protocols reported lower transmission rates, emphasizing the role of public behavior in the effectiveness of these measures.

In conclusion, a substantial body of evidence supports the assertion that social distancing has played a significant role in slowing the spread of COVID-19. The combination of early implementation, strict enforcement, and public compliance has been shown to effectively reduce transmission rates, thereby mitigating the impact of the pandemic on public health systems."
11,"**Guidelines for Triage of COVID-19 Patients in Hospital Settings**

As the COVID-19 pandemic has strained healthcare systems worldwide, hospitals have developed triage protocols to prioritize care for patients infected with the coronavirus. These guidelines are essential for managing limited resources, including hospital beds, ventilators, and medical staff. The following outlines key considerations and criteria used in the triaging process.

1. **Clinical Assessment**: Patients are evaluated based on their clinical presentation. Key indicators include respiratory distress, oxygen saturation levels, and the presence of comorbidities. Patients exhibiting severe symptoms, such as acute respiratory failure or significant hypoxia, are prioritized for immediate care.

2. **Demographics**: Age and underlying health conditions are critical factors in triage decisions. Older adults and individuals with pre-existing conditions (e.g., cardiovascular disease, diabetes, chronic respiratory conditions) are at higher risk for severe illness and may be prioritized for intensive care resources.

3. **Serology and Testing**: Laboratory tests, including PCR and serological tests, help determine the severity of infection and the immune response. Patients with confirmed COVID-19 and significant clinical symptoms are prioritized over those with mild or asymptomatic cases. Additionally, biomarkers indicating inflammation or organ dysfunction may influence triage decisions.

4. **Resource Availability**: Triage guidelines also consider the availability of resources. In situations where ventilators or ICU beds are limited, healthcare providers may use scoring systems to assess the likelihood of survival and potential benefit from intensive interventions.

5. **Ethical Considerations**: Ethical frameworks guide triage decisions, emphasizing fairness, equity, and transparency. Hospitals may establish committees to oversee triage protocols, ensuring that decisions are made consistently and without bias.

6. **Communication**: Clear communication with patients and families is vital. Healthcare providers should explain the triage process, the rationale behind decisions, and the potential for alternative care options.

7. **Adaptability**: Triage guidelines are not static; they must adapt to changing circumstances, including emerging data on COVID-19 treatment efficacy and evolving public health recommendations.

In summary, the triage of COVID-19 patients involves a multifaceted approach that considers clinical severity, demographic factors, laboratory results, resource availability, and ethical principles. These guidelines aim to maximize patient outcomes while ensuring equitable access to care during times of crisis."
12,"**Best Practices for Quarantine in Hospitals and at Home for COVID-19**

Quarantine is a critical public health measure aimed at preventing the spread of COVID-19, particularly for individuals who have been exposed to the virus or are confirmed to be infected. The following best practices are recommended for both hospital settings and home environments.

**Duration of Quarantine:**
- For individuals exposed to COVID-19, the Centers for Disease Control and Prevention (CDC) recommends a quarantine period of 14 days from the last exposure. This duration allows for the incubation period of the virus, which can range from 2 to 14 days.
- For those who test positive for COVID-19, isolation is recommended for at least 10 days from the onset of symptoms or from the date of the positive test if asymptomatic. Symptoms should be improving, and the individual should be fever-free for at least 24 hours without the use of fever-reducing medications before ending isolation.

**Best Practices in Hospitals:**
1. **Isolation Protocols:** Patients diagnosed with COVID-19 should be placed in designated isolation rooms with negative pressure ventilation, if available, to minimize airborne transmission.
2. **Personal Protective Equipment (PPE):** Healthcare workers must wear appropriate PPE, including masks, gloves, gowns, and eye protection, when interacting with infected patients.
3. **Visitor Restrictions:** Limit visitors to essential personnel only, and ensure they follow strict infection control measures.
4. **Regular Testing:** Implement routine testing for healthcare workers and patients to quickly identify and isolate new cases.
5. **Hygiene Practices:** Frequent handwashing and the use of hand sanitizers should be enforced. Surfaces should be regularly disinfected, especially high-touch areas.

**Best Practices at Home:**
1. **Designated Quarantine Area:** If possible, the exposed or infected individual should stay in a separate room away from other household members and pets. Use a separate bathroom if available.
2. **Limit Contact:** Minimize interaction with others in the household. If contact is necessary, both the infected person and others should wear masks.
3. **Hygiene Measures:** The infected individual should practice good respiratory hygiene, including covering coughs and sneezes, and washing hands frequently with soap and water for at least 20 seconds.
4. **Cleaning and Disinfecting:** Frequently touched surfaces should be cleaned and disinfected daily, including doorknobs, light switches, and shared electronics.
5. **Monitoring Symptoms:** Keep track of any symptoms that develop. If symptoms worsen, seek medical advice promptly.
6. **Communication:** Inform close contacts about the exposure so they can monitor their health and take necessary precautions.

By adhering to these best practices, both hospitals and individuals at home can effectively manage quarantine and reduce the risk of COVID-19 transmission. It is essential to stay informed about local health guidelines and updates from health authorities."
13,"**Transmission Routes of Coronavirus (COVID-19)**

COVID-19, caused by the SARS-CoV-2 virus, primarily spreads through several key transmission routes. Understanding these routes is crucial for effective prevention and control measures.

1. **Person-to-Person Transmission**: The most common route of transmission is through respiratory droplets. When an infected person coughs, sneezes, talks, or breathes, they release droplets that can be inhaled by individuals nearby, typically within a distance of about 6 feet (2 meters). This is why maintaining physical distance is recommended.

2. **Aerosol Transmission**: In certain conditions, smaller respiratory particles (aerosols) can linger in the air for extended periods and travel further than larger droplets. This can occur in enclosed spaces with poor ventilation, where the concentration of viral particles can increase, leading to a higher risk of transmission.

3. **Surface Contamination (Fomite Transmission)**: The virus can survive on various surfaces for varying lengths of time, depending on the material. People can contract COVID-19 by touching contaminated surfaces (fomites) and then touching their face, particularly the mouth, nose, or eyes. Regular cleaning and disinfection of frequently touched surfaces are essential to mitigate this risk.

4. **Contact with Infected Individuals**: Close contact with an infected person, such as hugging, shaking hands, or any physical interaction, can facilitate the spread of the virus. This includes contact with bodily fluids, such as saliva or respiratory secretions.

5. **Animal-to-Human Transmission**: While the primary spread of COVID-19 is human-to-human, there is evidence that the virus can be transmitted from animals to humans. This zoonotic transmission is believed to have occurred in the early stages of the pandemic, with bats and possibly other wildlife acting as reservoirs for the virus.

6. **Asymptomatic Spread**: Individuals who are infected but do not show symptoms (asymptomatic carriers) can still spread the virus. This complicates efforts to control the spread, as individuals may unknowingly transmit the virus to others.

7. **Community Spread**: This term refers to the transmission of the virus within a community where the source of infection is unknown. It highlights the importance of widespread preventive measures, such as mask-wearing, social distancing, and vaccination, to reduce transmission rates.

In summary, COVID-19 spreads primarily through respiratory droplets and aerosols, with additional risks from surface contamination and close contact with infected individuals. Understanding these transmission routes is vital for implementing effective public health strategies to curb the spread of the virus."
14,"**COVID-19 Super Spreaders: Evidence, Behavior Patterns, and Prevention Strategies**

**Introduction**
Super spreaders are individuals who transmit an infectious disease to a disproportionately large number of people. In the context of COVID-19, super spreaders have been identified as key contributors to the rapid spread of the virus. Understanding their characteristics, behaviors, and the implications for public health is crucial for effective prevention strategies.

**Evidence Related to COVID-19 Super Spreaders**
Research indicates that a small percentage of infected individuals are responsible for a significant proportion of COVID-19 transmissions. Studies suggest that approximately 10-20% of infected individuals may account for 80-90% of new infections. For instance, a study published in the journal *Nature* found that super spreader events (SSEs) were responsible for a large number of secondary infections, particularly in closed settings such as restaurants, religious gatherings, and social events.

**Patterns of Behavior Leading to Spread**
Super spreaders often exhibit specific behaviors that facilitate the transmission of the virus. These behaviors include:
1. **High Social Interaction**: Individuals who frequently engage in social gatherings or work in high-contact environments (e.g., healthcare, hospitality) are more likely to spread the virus.
2. **Asymptomatic Transmission**: Many super spreaders may be asymptomatic or pre-symptomatic, allowing them to unknowingly transmit the virus to others.
3. **Poor Adherence to Preventive Measures**: Individuals who do not consistently wear masks, practice physical distancing, or follow hygiene protocols are at a higher risk of being super spreaders.
4. **Viral Load**: Some studies suggest that individuals with a higher viral load may be more infectious, contributing to their role as super spreaders.

**Prevention Strategies Targeted Toward Super Spreaders**
To mitigate the impact of super spreaders, targeted prevention strategies can be implemented:
1. **Enhanced Testing and Contact Tracing**: Rapid testing and effective contact tracing can help identify and isolate super spreaders early, reducing their potential to infect others.
2. **Public Health Campaigns**: Educating the public about the risks associated with super spreaders and promoting adherence to preventive measures can help reduce transmission.
3. **Limitations on Gatherings**: Implementing restrictions on large gatherings, especially in high-risk settings, can minimize opportunities for super spreader events.
4. **Vaccination**: Encouraging vaccination among high-risk populations can reduce the overall transmission of the virus and the likelihood of super spreader events.
5. **Targeted Interventions**: Identifying and monitoring high-risk individuals or groups can allow for tailored interventions, such as increased testing and support for adherence to public health guidelines.

**Conclusion**
Understanding the role of super spreaders in the COVID-19 pandemic is essential for developing effective public health strategies. By focusing on the behaviors and characteristics of these individuals, health authorities can implement targeted interventions to reduce transmission and protect communities. Continued research and adaptation of strategies will be necessary as the pandemic evolves."
15,"**Survival of SARS-CoV-2 Outside the Body**

SARS-CoV-2, the virus responsible for COVID-19, has been shown to survive outside the human body for varying lengths of time depending on the environment and surface type. Research indicates that the virus can remain viable for transmission on different surfaces, which is crucial for understanding its spread.

1. **Surfaces**: Studies have demonstrated that SARS-CoV-2 can survive on various surfaces for different durations:
   - **Plastic and Stainless Steel**: The virus can remain viable for up to 72 hours. This extended survival time is due to the smooth, non-porous nature of these materials, which can protect the virus from environmental factors.
   - **Cardboard**: The virus can survive for about 24 hours. The porous nature of cardboard allows for quicker degradation of the virus compared to non-porous surfaces.
   - **Copper**: SARS-CoV-2 has a significantly shorter lifespan on copper surfaces, surviving for approximately 4 hours. Copper's antimicrobial properties contribute to the rapid inactivation of the virus.

2. **Airborne Viability**: SARS-CoV-2 can also remain suspended in aerosolized droplets in the air. Research indicates that the virus can remain viable in aerosols for up to 3 hours, which highlights the importance of ventilation and air circulation in reducing transmission risk in enclosed spaces.

3. **Liquids**: In liquid environments, such as saliva or respiratory secretions, the virus can remain viable for longer periods. For instance, in a laboratory setting, SARS-CoV-2 has been shown to survive in liquid media for several days, depending on the temperature and other conditions.

4. **Environmental Factors**: The survival of SARS-CoV-2 is influenced by several environmental factors, including temperature, humidity, and UV light exposure. Higher temperatures and increased UV light exposure tend to reduce the virus's viability more quickly, while cooler and more humid conditions can prolong its survival.

5. **Implications for Transmission**: Understanding the survival of SARS-CoV-2 outside the body is critical for implementing effective infection control measures. Regular cleaning and disinfection of surfaces, maintaining good hand hygiene, and ensuring proper ventilation in indoor spaces are essential strategies to mitigate the risk of transmission.

In summary, SARS-CoV-2 can survive outside the human body for varying lengths of time depending on the surface and environmental conditions, with significant implications for public health and safety measures."
16,"**Survival of SARS-CoV-2 on Surfaces**

SARS-CoV-2, the virus responsible for COVID-19, can survive on various surfaces for varying lengths of time, depending on the material and environmental conditions. Research has shown that the virus can remain stable and infectious on surfaces such as plastic, stainless steel, cardboard, and copper.

1. **Plastic and Stainless Steel**: Studies indicate that SARS-CoV-2 can survive on plastic and stainless steel surfaces for up to 72 hours. The virus tends to remain viable for longer periods on these non-porous materials compared to porous surfaces.

2. **Cardboard**: The virus has been found to remain stable on cardboard for up to 24 hours. This is significant for packaging and delivery items, as it suggests a potential risk of transmission through contact with contaminated surfaces.

3. **Copper**: On copper surfaces, SARS-CoV-2 has a much shorter lifespan, surviving for about 4 hours. Copper's antimicrobial properties contribute to the rapid inactivation of the virus.

4. **Environmental Factors**: The stability of the virus on surfaces is influenced by environmental factors such as temperature, humidity, and the presence of organic material. Higher temperatures and increased humidity can reduce the virus's survival time.

5. **Implications for Infection Control**: Understanding the survival time of SARS-CoV-2 on surfaces is crucial for infection control measures. Regular cleaning and disinfection of frequently touched surfaces, especially in healthcare settings and public spaces, are essential to reduce the risk of transmission.

In summary, while SARS-CoV-2 can survive on surfaces for several hours to days, the risk of transmission through surfaces can be mitigated by maintaining good hygiene practices, including regular cleaning and handwashing."
17,"**Clinical Trials for Coronavirus (COVID-19)**

As of October 2023, numerous clinical trials have been conducted globally to evaluate various aspects of COVID-19, including vaccines, treatments, and diagnostic methods. These trials range from early-phase studies assessing safety and dosage to late-phase trials evaluating efficacy and long-term effects. 

1. **Vaccine Trials**: Many clinical trials have focused on developing and testing COVID-19 vaccines. These trials have included mRNA vaccines, viral vector vaccines, and protein subunit vaccines. For instance, the Pfizer-BioNTech and Moderna vaccines underwent extensive Phase 3 trials, which demonstrated high efficacy rates in preventing symptomatic COVID-19.

2. **Therapeutic Trials**: Clinical trials have also investigated antiviral medications, monoclonal antibodies, and other therapeutic agents. Drugs like Remdesivir and monoclonal antibodies such as Bamlanivimab have been evaluated for their effectiveness in treating COVID-19 patients. Some trials are ongoing to assess the long-term effects of these treatments.

3. **Recruitment Status**: Many trials are currently recruiting participants, particularly for studies examining long COVID, vaccine boosters, and new therapeutic agents. Websites like ClinicalTrials.gov provide comprehensive databases where individuals can search for ongoing trials by location, phase, and eligibility criteria.

4. **Completed Trials**: Numerous trials have been completed, with results published in peer-reviewed journals. For example, the RECOVERY trial in the UK provided significant insights into the use of dexamethasone for severe COVID-19 cases, showing a reduction in mortality rates.

5. **Global Collaboration**: Organizations such as the World Health Organization (WHO) and the Coalition for Epidemic Preparedness Innovations (CEPI) have facilitated international collaboration in clinical trials, ensuring diverse populations are represented and accelerating the development of effective interventions.

In summary, there is a robust landscape of clinical trials related to COVID-19, with many ongoing and completed studies providing valuable insights into the virus and its management. Individuals interested in participating in clinical trials should consult resources like ClinicalTrials.gov or speak with healthcare providers for guidance on eligibility and enrollment."
18,"**Masks and Their Effectiveness in Preventing COVID-19 Infection**

The COVID-19 pandemic has highlighted the importance of wearing masks as a preventive measure against the transmission of the virus. Masks serve as a barrier to respiratory droplets that may contain the virus, thus reducing the risk of infection for both the wearer and those around them. However, not all masks offer the same level of protection. 

**Types of Masks:**

1. **N95 Respirators:** These masks are designed to achieve a very close facial fit and provide a high level of filtration of airborne particles. N95 respirators filter out at least 95% of very small (0.3 micron) particles, making them highly effective against respiratory viruses, including SARS-CoV-2, the virus that causes COVID-19. They are recommended for healthcare workers and individuals in high-risk environments.

2. **Surgical Masks:** These are loose-fitting disposable masks that provide a physical barrier to protect the wearer from large respiratory droplets, splashes, or sprays. While they do not filter out small particles as effectively as N95 respirators, they are still effective in reducing the transmission of respiratory viruses and are suitable for the general public.

3. **Cloth Masks:** The effectiveness of cloth masks can vary significantly based on the material, number of layers, and fit. Masks made from multiple layers of tightly woven fabric can provide a reasonable level of protection. However, they are generally less effective than surgical masks and N95 respirators. It is recommended to use cloth masks with at least two layers and to ensure a snug fit over the nose and mouth.

4. **Face Shields:** While face shields can provide some protection, they are not a substitute for masks. They are more effective when used in conjunction with masks, as they protect the eyes and face from respiratory droplets but do not provide a complete barrier.

**Masks to Avoid:**

1. **Valved Masks:** Masks with exhalation valves are not recommended for preventing the spread of COVID-19. While they may make it easier to breathe, they allow unfiltered exhaled air to escape, which can potentially spread the virus to others.

2. **Bandanas and Gaiters:** These types of masks may not provide adequate filtration and fit. Studies have shown that single-layer bandanas and neck gaiters can be less effective than other mask types in preventing droplet transmission.

3. **Masks with Exhalation Valves:** Similar to valved masks, these do not prevent the wearer from exhaling respiratory droplets, which can contribute to the spread of the virus.

**Conclusion:**

In summary, the best masks for preventing COVID-19 infection are N95 respirators and surgical masks, particularly in high-risk settings. Cloth masks can be effective if they are well-constructed and fit properly. It is essential to combine mask-wearing with other preventive measures, such as physical distancing and hand hygiene, to reduce the risk of COVID-19 transmission effectively."
19,"**Title: Efficacy of Alcohol-Based Hand Sanitizers Against COVID-19**

**Introduction:**
The COVID-19 pandemic has underscored the importance of hand hygiene in preventing the spread of the virus. Alcohol-based hand sanitizers have been widely recommended as an effective means to reduce the transmission of SARS-CoV-2, the virus responsible for COVID-19. This document outlines the types of alcohol sanitizers that are effective against the virus, based on scientific studies and guidelines from health authorities.

**Effective Alcohol Concentrations:**
Research indicates that hand sanitizers containing at least 60% alcohol are effective in inactivating SARS-CoV-2. The two primary types of alcohol used in hand sanitizers are ethanol (ethyl alcohol) and isopropanol (isopropyl alcohol). The Centers for Disease Control and Prevention (CDC) recommends formulations that contain:

- **Ethanol:** A concentration of 60% to 95% is effective. The World Health Organization (WHO) suggests a formulation of 80% ethanol for optimal efficacy.
- **Isopropanol:** A concentration of 70% to 90% is effective. The WHO recommends a 75% isopropanol solution.

**Mechanism of Action:**
Alcohol-based sanitizers work by denaturing proteins and disrupting the lipid membrane of the virus, leading to its inactivation. The presence of sufficient alcohol concentration is crucial, as lower concentrations may not effectively penetrate the viral envelope or denature the proteins.

**Formulations and Recommendations:**
The WHO has provided guidelines for preparing hand sanitizers, emphasizing the importance of using the correct concentrations of alcohol. Commercially available hand sanitizers should be checked for the following:

- **Labeling:** Ensure the product states it contains at least 60% alcohol.
- **Ingredients:** Look for ethanol or isopropanol as the active ingredient.
- **Certification:** Choose products that are approved by health authorities or have undergone efficacy testing.

**Limitations:**
While alcohol-based hand sanitizers are effective, they are not a substitute for handwashing with soap and water, especially when hands are visibly dirty or greasy. Additionally, sanitizers may not eliminate all types of germs, particularly certain types of bacteria and viruses that are not enveloped.

**Conclusion:**
To effectively destroy SARS-CoV-2, hand sanitizers must contain at least 60% alcohol, with formulations of 70% isopropanol or 80% ethanol being optimal. Regular use of these sanitizers, combined with proper handwashing techniques, can significantly reduce the risk of COVID-19 transmission. Always follow public health guidelines and recommendations for hand hygiene to ensure maximum protection against the virus."
20,"**Title: Coronavirus and ACE Inhibitors: Understanding the Risks and Recommendations**

**Introduction**
The COVID-19 pandemic, caused by the SARS-CoV-2 virus, has raised numerous questions regarding the safety of patients on certain medications, particularly Angiotensin-converting enzyme inhibitors (ACE inhibitors). These medications are commonly prescribed for conditions such as hypertension and heart failure. This document aims to clarify the relationship between ACE inhibitors, ACE2 receptors, and the risk of COVID-19 infection.

**ACE Inhibitors and ACE2 Receptors**
ACE inhibitors work by blocking the conversion of angiotensin I to angiotensin II, a potent vasoconstrictor. This action leads to vasodilation, reduced blood pressure, and decreased strain on the heart. ACE2, on the other hand, is a receptor that plays a crucial role in the renin-angiotensin system and is known to be a point of entry for SARS-CoV-2 into human cells. The virus binds to ACE2 receptors, facilitating its entry and subsequent infection of cells.

**Risk Assessment for Patients on ACE Inhibitors**
Initial concerns arose that patients taking ACE inhibitors might be at increased risk for COVID-19 due to the upregulation of ACE2 receptors, which could theoretically enhance viral entry. However, extensive research has not supported the notion that ACE inhibitors increase susceptibility to COVID-19. In fact, some studies suggest that ACE inhibitors may have a protective effect by modulating the immune response and reducing inflammation.

The American Heart Association (AHA), the European Society of Cardiology (ESC), and other health organizations have stated that there is currently no evidence to suggest that patients taking ACE inhibitors are at higher risk for contracting COVID-19 or experiencing more severe outcomes. These organizations recommend that patients should not discontinue their ACE inhibitors without consulting their healthcare provider.

**Recommendations for Patients**
1. **Continue Medication**: Patients currently prescribed ACE inhibitors should continue their medication as directed by their healthcare provider. Stopping these medications can lead to adverse cardiovascular outcomes.
   
2. **Monitor Health**: Patients should remain vigilant about their health, monitoring for any symptoms of COVID-19, and seek medical advice if they experience symptoms such as fever, cough, or difficulty breathing.

3. **Follow Public Health Guidelines**: Adherence to public health recommendations, including wearing masks, practicing social distancing, and maintaining good hand hygiene, is crucial for all individuals, especially those with underlying health conditions.

4. **Consult Healthcare Providers**: Patients should have open discussions with their healthcare providers regarding any concerns about their medications and COVID-19. Providers can offer personalized advice based on the patient's health status and risk factors.

**Conclusion**
In summary, current evidence does not indicate that patients taking ACE inhibitors are at an increased risk for COVID-19. The benefits of continuing these medications generally outweigh potential risks. Ongoing research will continue to provide insights into the interactions between COVID-19 and various medications, but as of now, patients should adhere to their prescribed treatment plans and follow public health guidelines."
21,"**COVID-19 Mortality Rates: An Overview**

The COVID-19 pandemic, caused by the SARS-CoV-2 virus, has led to significant mortality worldwide. As of October 2023, global estimates suggest that the overall case fatality rate (CFR) for COVID-19 is approximately 1.5% to 2.5%, although this figure can vary widely based on several factors, including healthcare infrastructure, population demographics, and the presence of comorbidities.

**Mortality Rates by Country:**
Mortality rates differ significantly across countries. For instance, countries with robust healthcare systems, such as Japan and South Korea, have reported lower mortality rates (around 0.5% to 1.0%), while countries with less developed healthcare systems or those that faced overwhelming case surges, such as Brazil and India during peak periods, have reported higher rates (up to 3% or more). Variability in testing rates, reporting practices, and the timing of interventions also contribute to these differences.

**Mortality Rates by Population Groups:**
1. **Age:** Age is one of the most significant risk factors for COVID-19 mortality. Individuals aged 65 and older have a mortality rate exceeding 10%, while those under 50 generally have a mortality rate below 1%.
   
2. **Gender:** Studies have shown that men are more likely to die from COVID-19 than women, with mortality rates for men being approximately 1.5 to 2 times higher than for women. This disparity may be attributed to biological differences, lifestyle factors, and the prevalence of comorbidities.

3. **Comorbidities:** Individuals with pre-existing health conditions such as cardiovascular disease, diabetes, chronic respiratory diseases, and obesity have significantly higher mortality rates. For example, patients with cardiovascular disease have a mortality rate of around 10-15%.

4. **Blood Type:** Some studies have suggested that blood type may influence susceptibility to severe COVID-19 outcomes. Preliminary research indicated that individuals with blood type O might have a lower risk of severe disease compared to those with blood types A, B, or AB, although more research is needed to confirm these findings.

5. **Ethnicity and Socioeconomic Factors:** Certain ethnic groups and those from lower socioeconomic backgrounds have experienced higher mortality rates, often due to a combination of factors including access to healthcare, prevalence of comorbidities, and living conditions.

**Conclusion:**
Understanding COVID-19 mortality rates is crucial for public health planning and response. Continuous monitoring and research are essential to adapt strategies for prevention and treatment, particularly for vulnerable populations. As the situation evolves, updated data will provide further insights into the dynamics of COVID-19 mortality across different demographics and regions."
22,"**Cardiovascular Impacts of COVID-19: An Overview of Cardiac Complications**

COVID-19, caused by the SARS-CoV-2 virus, has been associated with a range of cardiovascular complications. These complications can manifest in various forms, including myocarditis, acute coronary syndrome, arrhythmias, and heart failure. The frequency of these complications varies, with studies indicating that approximately 20-30% of hospitalized COVID-19 patients may experience some form of cardiac involvement.

**Types of Cardiac Complications:**

1. **Myocarditis:** Inflammation of the heart muscle, which can lead to decreased heart function. Myocarditis has been reported in COVID-19 patients, particularly in those with severe disease. Symptoms may include chest pain, shortness of breath, and palpitations.

2. **Acute Coronary Syndrome (ACS):** COVID-19 can exacerbate underlying coronary artery disease, leading to ACS, which includes unstable angina and myocardial infarction. The inflammatory response triggered by the virus may contribute to plaque instability in coronary arteries.

3. **Arrhythmias:** Patients with COVID-19 may experience various arrhythmias, including atrial fibrillation and ventricular tachycardia. These can be due to electrolyte imbalances, hypoxia, or direct viral effects on cardiac tissue.

4. **Heart Failure:** COVID-19 can precipitate heart failure, particularly in patients with pre-existing heart conditions. The stress of the infection, combined with systemic inflammation, can lead to worsening heart function.

**Mechanisms of Cardiac Complications:**

The mechanisms behind these cardiac complications are multifactorial. The virus can directly infect cardiac myocytes, leading to inflammation and damage. Additionally, the systemic inflammatory response, characterized by elevated cytokines (cytokine storm), can contribute to myocardial injury. Hypoxia resulting from severe respiratory involvement can also exacerbate cardiac stress. Furthermore, the hypercoagulable state associated with COVID-19 increases the risk of thromboembolic events, which can lead to myocardial infarction or stroke.

**Conclusion:**

In summary, cardiac complications are a significant concern in patients with COVID-19, particularly among those with pre-existing cardiovascular conditions. The types of complications include myocarditis, acute coronary syndrome, arrhythmias, and heart failure, with varying frequencies depending on the severity of the disease. Understanding the mechanisms behind these complications is crucial for managing patients effectively and mitigating long-term cardiovascular risks associated with COVID-19. Ongoing research continues to elucidate the full extent of these impacts and the best strategies for prevention and treatment."
23,"**Complications Related to COVID-19 in Hypertensive Patients**

Hypertension, or high blood pressure, is a prevalent condition that can significantly influence the outcomes of patients infected with COVID-19. Research indicates that individuals with hypertension are at a higher risk for severe complications when infected with the SARS-CoV-2 virus. Here are some specific outcomes and complications associated with COVID-19 in hypertensive patients:

1. **Increased Severity of Illness**: Hypertensive patients are more likely to experience severe symptoms of COVID-19, including acute respiratory distress syndrome (ARDS), pneumonia, and the need for mechanical ventilation. Studies have shown that hypertension is a common comorbidity in hospitalized COVID-19 patients, correlating with higher rates of intensive care unit (ICU) admissions.

2. **Cardiovascular Complications**: COVID-19 can exacerbate existing cardiovascular issues in hypertensive patients. The virus can lead to myocarditis, heart failure, and arrhythmias. The inflammatory response triggered by COVID-19 can also increase the risk of thromboembolic events, such as pulmonary embolism, which are particularly concerning in those with pre-existing hypertension.

3. **Acute Kidney Injury (AKI)**: Hypertensive patients are at an elevated risk for AKI when infected with COVID-19. The virus can cause direct kidney injury or worsen pre-existing kidney conditions, leading to a higher incidence of renal failure in this population.

4. **Mortality Risk**: Studies have consistently shown that hypertension is associated with an increased risk of mortality in COVID-19 patients. The presence of hypertension, especially when coupled with other comorbidities such as diabetes or obesity, significantly raises the risk of death from the virus.

5. **Long COVID**: Hypertensive patients may also be more susceptible to long-term complications, often referred to as ""long COVID."" This can include persistent symptoms such as fatigue, cognitive dysfunction, and cardiovascular issues, which may be exacerbated by their underlying hypertensive condition.

6. **Medication Considerations**: The management of hypertension during the COVID-19 pandemic has raised questions regarding the safety of certain antihypertensive medications, particularly ACE inhibitors and ARBs. While initial concerns suggested these medications might increase susceptibility to COVID-19, current evidence indicates that they are safe and may even provide protective cardiovascular benefits.

In conclusion, hypertensive patients face a range of complications when infected with COVID-19, including increased severity of illness, cardiovascular complications, acute kidney injury, and a higher mortality risk. It is crucial for individuals with hypertension to manage their blood pressure effectively and consult healthcare providers for tailored advice during the pandemic."
24,"**Complications Related to COVID-19 in Diabetic Patients**

Diabetes mellitus, whether type 1 or type 2, has been identified as a significant risk factor for severe outcomes in patients infected with COVID-19. Individuals with diabetes are more likely to experience a range of complications when contracting the virus, primarily due to the underlying metabolic dysregulation and immune system impairment associated with diabetes.

1. **Increased Severity of COVID-19 Symptoms**: Diabetic patients often present with more severe symptoms of COVID-19, including higher rates of hospitalization and intensive care unit (ICU) admission. Studies have shown that diabetes is associated with a higher risk of respiratory failure and the need for mechanical ventilation.

2. **Higher Mortality Rates**: Research indicates that individuals with diabetes have a significantly higher mortality rate when infected with COVID-19 compared to non-diabetic individuals. This increased risk is attributed to the complications associated with diabetes, such as cardiovascular disease, which can exacerbate the effects of the virus.

3. **Acute Respiratory Distress Syndrome (ARDS)**: Diabetic patients are at a greater risk of developing ARDS, a severe lung condition that can occur in the context of COVID-19. The inflammatory response triggered by the virus can lead to fluid accumulation in the lungs, making it difficult to breathe.

4. **Hyperglycemia and Diabetic Ketoacidosis (DKA)**: COVID-19 can lead to stress-induced hyperglycemia, worsening glycemic control in diabetic patients. This can precipitate diabetic ketoacidosis, a life-threatening condition characterized by high blood sugar levels, ketone production, and metabolic acidosis.

5. **Thromboembolic Events**: Diabetic patients are at an increased risk of thromboembolic complications, such as deep vein thrombosis (DVT) and pulmonary embolism (PE), during COVID-19 infection. The virus can induce a hypercoagulable state, leading to increased clot formation.

6. **Long COVID and Diabetes**: Emerging evidence suggests that diabetic patients may be more susceptible to long COVID, a condition characterized by persistent symptoms following the acute phase of infection. Symptoms can include fatigue, cognitive dysfunction, and cardiovascular issues, which may be exacerbated by pre-existing diabetes.

7. **Infections and Delayed Healing**: Diabetes is associated with impaired immune response and delayed wound healing. COVID-19 can further compromise the immune system, increasing the risk of secondary infections, particularly respiratory and skin infections.

8. **Mental Health Implications**: The stress and anxiety associated with managing diabetes during a pandemic can lead to mental health challenges. Diabetic patients may experience increased levels of depression and anxiety, which can complicate diabetes management and overall health outcomes.

In conclusion, individuals with diabetes face a heightened risk of severe complications when infected with COVID-19. It is crucial for diabetic patients to maintain good glycemic control, adhere to preventive measures, and seek prompt medical attention if they exhibit symptoms of COVID-19. Regular monitoring and management of diabetes can help mitigate some of the risks associated with COVID-19 infection."
25,"**Title: Biomarkers Predicting Severe Clinical Course of COVID-19 Infection**

**Introduction:**
The COVID-19 pandemic, caused by the novel coronavirus SARS-CoV-2, has led to significant morbidity and mortality worldwide. Understanding the biomarkers that predict severe clinical outcomes in infected individuals is crucial for early intervention and management. This document outlines key biomarkers associated with severe disease progression in COVID-19 patients.

**Key Biomarkers:**

1. **C-Reactive Protein (CRP):**
   CRP is an acute-phase protein that increases in response to inflammation. Elevated levels of CRP have been consistently associated with severe COVID-19 outcomes. High CRP levels indicate a hyper-inflammatory response, which can lead to complications such as acute respiratory distress syndrome (ARDS).

2. **D-dimer:**
   D-dimer is a fibrin degradation product that is elevated in conditions associated with thrombosis. Studies have shown that elevated D-dimer levels correlate with increased risk of severe disease and mortality in COVID-19 patients, likely due to the thromboembolic complications associated with the infection.

3. **Lactate Dehydrogenase (LDH):**
   LDH is an enzyme released during tissue damage. Increased LDH levels have been linked to severe COVID-19 cases, reflecting tissue hypoxia and damage, particularly in the lungs.

4. **Interleukin-6 (IL-6):**
   IL-6 is a pro-inflammatory cytokine that plays a significant role in the immune response. Elevated IL-6 levels are associated with severe COVID-19 and can indicate a cytokine storm, which is a hyper-inflammatory response that can lead to multi-organ failure.

5. **Ferritin:**
   Ferritin is a protein that stores iron and is an indicator of inflammation. High ferritin levels have been observed in severe COVID-19 cases and are associated with worse outcomes, possibly due to their role in the inflammatory response and iron dysregulation.

6. **White Blood Cell Count (WBC) and Lymphocyte Count:**
   A decreased lymphocyte count (lymphopenia) and an elevated total WBC count are common findings in severe COVID-19 cases. Lymphopenia is indicative of immune system compromise, while a high WBC count suggests an ongoing inflammatory response.

7. **Procalcitonin:**
   Procalcitonin is a biomarker for bacterial infection but can also be elevated in viral infections. In COVID-19, elevated procalcitonin levels may indicate a higher risk of bacterial co-infection and severe disease.

**Conclusion:**
Identifying biomarkers that predict severe outcomes in COVID-19 is essential for risk stratification and management. Elevated levels of CRP, D-dimer, LDH, IL-6, ferritin, and changes in WBC and lymphocyte counts are significant indicators of severe disease progression. Continuous research is necessary to refine these biomarkers and improve clinical outcomes for patients with COVID-19. Early identification and monitoring of these biomarkers can facilitate timely interventions and potentially reduce mortality rates associated with severe COVID-19."
26,"**Initial Symptoms of COVID-19: A Comprehensive Overview**

COVID-19, caused by the novel coronavirus SARS-CoV-2, presents a range of symptoms that can vary significantly among individuals. Early studies and clinical observations have identified several common initial symptoms that typically manifest within 2 to 14 days after exposure to the virus. Understanding these early symptoms is crucial for timely diagnosis and intervention.

1. **Fever and Chills**: One of the most frequently reported early symptoms is fever, often accompanied by chills. This response is part of the body’s immune reaction to the viral infection.

2. **Cough**: A dry cough is another hallmark symptom that can develop early in the course of the disease. It may start as a mild irritation and can progress in severity.

3. **Fatigue**: Many patients report feeling unusually tired or fatigued, which can be debilitating and may persist even after other symptoms have resolved.

4. **Shortness of Breath**: Some individuals may experience difficulty breathing or a sensation of tightness in the chest, which can indicate a more severe progression of the disease.

5. **Loss of Taste or Smell**: Anosmia (loss of smell) and ageusia (loss of taste) have emerged as distinctive early symptoms of COVID-19, often occurring without nasal congestion.

6. **Muscle or Body Aches**: Myalgia, or muscle pain, is commonly reported and can contribute to the overall feeling of malaise.

7. **Sore Throat**: A sore throat may also be present, resembling symptoms of other respiratory infections.

8. **Headache**: Some patients experience headaches, which can vary in intensity and duration.

9. **Congestion or Runny Nose**: While less common, some individuals may experience nasal congestion or a runny nose, which can be mistaken for allergies or a common cold.

10. **Gastrointestinal Symptoms**: A subset of patients may present with gastrointestinal symptoms such as nausea, vomiting, or diarrhea, which can occur alongside or instead of respiratory symptoms.

It is important to note that not all individuals will experience these symptoms, and some may develop symptoms that are not listed here. The variability in symptom presentation underscores the importance of testing and clinical evaluation, especially in the context of potential exposure to the virus. Early recognition of symptoms can facilitate prompt isolation and treatment, thereby reducing the risk of transmission and improving patient outcomes."
27,"**Asymptomatic COVID-19 Infection: An Overview**

Asymptomatic individuals are those who test positive for SARS-CoV-2, the virus responsible for COVID-19, but do not exhibit any of the typical symptoms associated with the disease. Research has shown that a significant proportion of COVID-19 cases are asymptomatic, with estimates suggesting that anywhere from 20% to 80% of infected individuals may not display symptoms at all. This variability can depend on factors such as age, underlying health conditions, and the specific population being studied.

Studies have indicated that asymptomatic individuals can still carry a viral load similar to symptomatic patients, which raises concerns about their potential to spread the virus to others. Asymptomatic carriers can shed the virus through respiratory droplets, making them a critical factor in the transmission dynamics of COVID-19. This has significant implications for public health strategies, as it complicates efforts to identify and isolate infected individuals.

Research has also explored the immune response in asymptomatic cases. Some studies suggest that asymptomatic individuals may develop a robust immune response, including the production of neutralizing antibodies, although the longevity and effectiveness of this response remain under investigation. Furthermore, the risk of developing long-term complications, often referred to as ""long COVID,"" in asymptomatic individuals is still being studied, with preliminary evidence indicating that some may experience lingering effects despite the absence of initial symptoms.

In conclusion, asymptomatic COVID-19 infections play a crucial role in the pandemic's spread and present unique challenges for containment efforts. Ongoing research is essential to fully understand the implications of asymptomatic cases on public health, immunity, and long-term health outcomes."
28,"**Title: Evidence for the Use of Hydroxychloroquine in Treating COVID-19**

**Introduction**
Hydroxychloroquine, a medication traditionally used to treat malaria and autoimmune diseases such as lupus and rheumatoid arthritis, gained attention as a potential treatment for COVID-19 early in the pandemic. This document reviews the basic science and clinical studies assessing the efficacy and safety of hydroxychloroquine in the treatment of COVID-19.

**Basic Science**
Initial laboratory studies suggested that hydroxychloroquine could inhibit the replication of SARS-CoV-2, the virus responsible for COVID-19. These studies indicated that the drug might interfere with the virus's ability to enter human cells and replicate. However, in vitro results do not always translate to clinical efficacy, and subsequent research has raised questions about the drug's effectiveness in real-world settings.

**Clinical Studies**
Numerous clinical trials have been conducted to evaluate the efficacy of hydroxychloroquine in treating COVID-19. Early observational studies reported mixed results, with some suggesting potential benefits in reducing viral load or improving clinical outcomes, while others indicated no significant effect. 

1. **Randomized Controlled Trials (RCTs)**: The most robust evidence comes from RCTs, which are considered the gold standard in clinical research. The RECOVERY trial, one of the largest RCTs, found that hydroxychloroquine did not reduce mortality or the need for mechanical ventilation in hospitalized COVID-19 patients. Similarly, the WHO's Solidarity trial also concluded that hydroxychloroquine had little to no effect on mortality or hospitalization duration.

2. **Meta-analyses**: Several meta-analyses have synthesized data from multiple studies. A comprehensive review published in the Journal of the American Medical Association (JAMA) found no significant benefit of hydroxychloroquine in reducing the risk of hospitalization or death in COVID-19 patients.

3. **Safety Concerns**: While hydroxychloroquine is generally considered safe for approved uses, concerns arose regarding its safety profile in COVID-19 patients. Reports of adverse effects, including cardiac arrhythmias, have been documented, particularly when used in higher doses or in patients with pre-existing heart conditions.

**Conclusion**
The current body of evidence does not support the use of hydroxychloroquine as an effective treatment for COVID-19. Major clinical trials and meta-analyses have consistently shown that hydroxychloroquine does not improve clinical outcomes in patients with COVID-19 and may pose risks of adverse effects. As a result, health organizations, including the World Health Organization (WHO) and the U.S. Food and Drug Administration (FDA), have recommended against its use for COVID-19 outside of clinical trials. Ongoing research continues to explore alternative treatments and preventive measures for COVID-19, emphasizing the importance of evidence-based medicine in guiding therapeutic decisions."
29,"**Title: Drug Repurposing for SARS-CoV-2: Targeting Protein-Protein Interactions**

**Introduction**
The COVID-19 pandemic, caused by the novel coronavirus SARS-CoV-2, has prompted extensive research into potential therapeutic strategies, including drug repurposing. Drug repurposing involves identifying existing medications that can be used for new therapeutic purposes, particularly in the context of viral infections. A critical aspect of this approach is understanding the interactions between viral proteins and human proteins, which can reveal potential drug targets.

**SARS-CoV-2 Proteins and Their Interactions**
SARS-CoV-2 has several structural proteins, including the spike (S) protein, envelope (E) protein, membrane (M) protein, and nucleocapsid (N) protein. Among these, the spike protein is particularly significant as it mediates viral entry into host cells by binding to the angiotensin-converting enzyme 2 (ACE2) receptor on human cells. This interaction is a prime target for therapeutic intervention.

1. **Spike Protein (S) and ACE2 Interaction**: The S protein's receptor-binding domain (RBD) interacts with ACE2, facilitating viral entry. Inhibiting this interaction can prevent the virus from entering host cells.

2. **Nucleocapsid Protein (N)**: The N protein interacts with various host cell proteins involved in the immune response and cellular processes. Targeting these interactions may modulate the host's immune response to the virus.

3. **Other Interactions**: Other viral proteins, such as the M protein, have been shown to interact with host proteins involved in the endoplasmic reticulum and Golgi apparatus, which are crucial for viral assembly and release.

**Potential Drug Targets**
Based on the interactions mentioned, several human proteins involved in these pathways can be considered as potential drug targets. For instance, ACE2 inhibitors or monoclonal antibodies that block the S protein-ACE2 interaction could be effective in preventing infection. Additionally, targeting host proteins that interact with the N protein may help in modulating the immune response.

**Approved Drugs for Repurposing**
Several existing drugs have been identified for potential repurposing based on their ability to interfere with SARS-CoV-2 protein interactions:

1. **Monoclonal Antibodies**: Drugs like Bamlanivimab and Casirivimab/Imdevimab are designed to bind to the spike protein, preventing it from attaching to ACE2.

2. **Protease Inhibitors**: Drugs such as Lopinavir/ritonavir, originally developed for HIV, have been investigated for their ability to inhibit viral replication.

3. **Antimalarials**: Hydroxychloroquine and Chloroquine have been studied for their potential to interfere with the virus's ability to enter cells, although results have been mixed.

4. **Antiviral Agents**: Remdesivir, an antiviral drug initially developed for Ebola, has shown efficacy in reducing the duration of COVID-19 symptoms by inhibiting viral RNA polymerase.

5. **Immunomodulators**: Dexamethasone, a corticosteroid, has been shown to reduce mortality in severe COVID-19 cases by modulating the immune response.

**Conclusion**
Understanding the protein-protein interactions between SARS-CoV-2 and human proteins is crucial for identifying potential therapeutic targets for drug repurposing. The spike protein's interaction with ACE2 is a primary target, with several approved drugs showing promise in inhibiting this interaction and other viral processes. Continued research into these interactions will be essential for developing effective treatments against COVID-19."
30,"**Remdesivir as a Treatment for COVID-19: Clinical Outcomes**

Remdesivir is an antiviral medication that was initially developed to treat Ebola virus disease and has been repurposed for the treatment of COVID-19. It works by inhibiting the viral RNA polymerase, thereby preventing the replication of the virus. The effectiveness of remdesivir in treating COVID-19 has been evaluated in several clinical trials, leading to its emergency use authorization by the U.S. Food and Drug Administration (FDA) in May 2020.

Clinical outcomes from studies indicate that remdesivir can reduce the time to recovery in hospitalized patients with COVID-19. The Adaptive COVID-19 Treatment Trial (ACTT-1), a pivotal randomized controlled trial, demonstrated that patients receiving remdesivir had a median recovery time of 10 days compared to 15 days for those receiving a placebo. This suggests a significant benefit in terms of recovery speed, particularly in patients with moderate to severe disease.

Further analysis of the data revealed that remdesivir may also be associated with a lower risk of progression to mechanical ventilation or death in certain populations. However, the overall mortality benefit remains less clear, with some studies showing no significant difference in mortality rates between remdesivir and placebo groups.

The World Health Organization (WHO) conducted the Solidarity trial, which included a broader patient population and found that remdesivir did not significantly reduce mortality or the need for ventilation. This highlights the complexity of treatment responses and the need for careful patient selection.

In summary, remdesivir has shown efficacy in reducing recovery time for hospitalized COVID-19 patients, particularly those requiring supplemental oxygen. However, its impact on mortality and severe outcomes is still under investigation, and it is recommended to be used in conjunction with other supportive treatments. Ongoing research continues to refine our understanding of its role in the management of COVID-19."
31,"**Differences Between Coronavirus (COVID-19) and Seasonal Influenza (Flu)**

The coronavirus, specifically SARS-CoV-2, which causes COVID-19, and the influenza virus, responsible for seasonal flu, are both respiratory viruses that can lead to similar symptoms, but they differ significantly in various aspects, including their genetic makeup, transmission, severity, and public health impact.

**Genomic Differences**: 
Coronaviruses belong to a family of viruses known as Coronaviridae, characterized by their crown-like spikes on the surface. SARS-CoV-2 has a single-stranded RNA genome, which is larger than that of the influenza virus, which is segmented and consists of single-stranded RNA as well. Studies have shown that the genetic diversity of coronaviruses is greater than that of influenza viruses, which can lead to more significant mutations and variants, as seen with the emergence of different COVID-19 variants.

**Transmission**: 
Both viruses spread through respiratory droplets, but SARS-CoV-2 has a higher basic reproduction number (R0), estimated between 2 to 3, compared to the flu, which has an R0 of about 1.3. This means that COVID-19 can spread more easily from person to person. Additionally, COVID-19 can be transmitted by asymptomatic individuals, which complicates containment efforts. The incubation period for COVID-19 is also longer, averaging 5-14 days, while flu symptoms typically appear 1-4 days after exposure.

**Symptoms and Severity**: 
While both illnesses can cause fever, cough, and fatigue, COVID-19 is associated with a broader range of symptoms, including loss of taste or smell, shortness of breath, and gastrointestinal issues. The severity of COVID-19 can also be greater, with a higher rate of hospitalization and mortality, particularly among older adults and those with underlying health conditions. Studies indicate that the case fatality rate for COVID-19 is significantly higher than that of seasonal flu, which is generally around 0.1%.

**Public Health Impact**: 
The global impact of COVID-19 has been profound, leading to widespread illness, death, and significant disruptions to daily life and economies. The World Health Organization declared COVID-19 a pandemic in March 2020, and it has resulted in millions of deaths worldwide. In contrast, seasonal flu typically results in 290,000 to 650,000 respiratory deaths annually, according to the WHO. The public health response to COVID-19 has included widespread vaccination campaigns, social distancing measures, and travel restrictions, which were more extensive than those typically employed for seasonal flu.

In conclusion, while both COVID-19 and seasonal influenza are respiratory illnesses caused by viruses, they differ significantly in their genetic structure, transmission dynamics, symptomatology, severity, and overall impact on global public health. Understanding these differences is crucial for effective prevention and treatment strategies."
32,"**Document: Subtypes of SARS-CoV-2**

SARS-CoV-2, the virus responsible for COVID-19, has undergone significant genetic variation since its emergence in late 2019. As a result, various subtypes or variants of the virus have been identified, primarily categorized based on mutations in their spike protein and other genomic regions. The World Health Organization (WHO) and other health authorities have classified these variants into several groups based on their potential impact on public health.

1. **Variants of Interest (VOIs)**: These variants have genetic changes that are predicted or known to affect virus characteristics, such as transmissibility or disease severity. Examples include the Lambda variant (C.37) and the Mu variant (B.1.621).

2. **Variants of Concern (VOCs)**: These variants have evidence of increased transmissibility, more severe disease, or reduced effectiveness of vaccines and treatments. Notable VOCs include:
   - **Alpha (B.1.1.7)**: First identified in the UK, it showed increased transmissibility.
   - **Beta (B.1.351)**: Detected in South Africa, it has mutations associated with immune escape.
   - **Gamma (P.1)**: Originating in Brazil, it also exhibits mutations that may evade immunity.
   - **Delta (B.1.617.2)**: First identified in India, it became the dominant strain in many countries due to its high transmissibility.
   - **Omicron (B.1.1.529)**: Detected in late 2021, it has numerous mutations and has raised concerns regarding vaccine effectiveness and transmissibility.

3. **Sublineages**: Within these variants, further sublineages have been identified. For example, Omicron has several sublineages, such as BA.1, BA.2, BA.4, and BA.5, each with distinct mutations and epidemiological characteristics.

4. **Geographic and Genomic Clustering**: Research has shown that certain variants may cluster geographically, indicating localized outbreaks or transmission patterns. Genomic sequencing has been crucial in tracking these variants, allowing for real-time monitoring of their spread and evolution.

5. **Speculative Subtypes**: Some studies have proposed potential subtypes based on genomic analysis, suggesting that as the virus continues to evolve, new variants may emerge that could possess unique characteristics. These speculative subtypes are often based on observed mutations that have not yet been fully characterized in terms of their impact on transmissibility or virulence.

In conclusion, SARS-CoV-2 does have several recognized subtypes, primarily categorized into variants of interest and concern, with ongoing research aimed at understanding their implications for public health. Continuous genomic surveillance is essential to monitor these variants and inform vaccination strategies and public health responses."
33,"As of October 2023, numerous vaccine candidates have been developed and tested for COVID-19, each employing different mechanisms of action to elicit an immune response against the SARS-CoV-2 virus. Here are some notable candidates:

1. **mRNA Vaccines**: 
   - **Pfizer-BioNTech (BNT162b2)**: This vaccine uses messenger RNA (mRNA) to instruct cells to produce a harmless spike protein found on the surface of the virus, prompting an immune response. Clinical trials have shown high efficacy rates, and it has been widely administered globally.
   - **Moderna (mRNA-1273)**: Similar to Pfizer-BioNTech, this mRNA vaccine encodes the spike protein of SARS-CoV-2. It has demonstrated strong immunogenicity and efficacy in preventing symptomatic COVID-19 in clinical trials.

2. **Viral Vector Vaccines**:
   - **AstraZeneca (ChAdOx1-S)**: This vaccine uses a modified adenovirus to deliver the genetic code for the spike protein. It has been shown to induce a robust immune response and is administered in two doses.
   - **Johnson & Johnson (Ad26.COV2.S)**: This is a single-dose viral vector vaccine that also uses a modified adenovirus to produce the spike protein, leading to an immune response. Clinical trials indicated good efficacy, particularly against severe disease.

3. **Protein Subunit Vaccines**:
   - **Novavax (NVX-CoV2373)**: This vaccine contains a recombinant spike protein and an adjuvant to enhance the immune response. Clinical trials have shown promising results in terms of safety and efficacy.

4. **Inactivated Virus Vaccines**:
   - **Sinovac (CoronaVac)**: This vaccine uses inactivated SARS-CoV-2 virus to stimulate an immune response. It has been widely used in several countries and has shown varying efficacy rates in clinical trials.
   - **Sinopharm (BBIBP-CorV)**: Another inactivated virus vaccine, it has been used in various countries and has demonstrated safety and efficacy in clinical trials.

5. **DNA Vaccines**:
   - **Zydus Cadila (ZyCoV-D)**: This is a plasmid DNA vaccine that encodes the spike protein of SARS-CoV-2. It is administered using a needle-free injector and has shown efficacy in clinical trials.

6. **Live Attenuated Vaccines**:
   - **Covaxin (Bharat Biotech)**: This vaccine uses an inactivated form of the virus and has been shown to induce a strong immune response in clinical trials.

Research continues to evolve, with ongoing clinical trials assessing the safety and efficacy of these candidates, including studies on booster doses and variants of concern. The mechanisms of action vary significantly, from mRNA technology to viral vectors and protein subunits, reflecting the diverse approaches taken to combat the pandemic. For the latest updates, it is essential to refer to clinical trial registries and peer-reviewed journals that provide ongoing insights into the development and testing of these vaccine candidates."
34,"**Longer-Term Complications of COVID-19 Recovery**

As the COVID-19 pandemic continues to evolve, a growing body of research has emerged regarding the longer-term health outcomes for individuals who have recovered from the virus. While many people experience mild symptoms or are asymptomatic, a significant number report persistent health issues, commonly referred to as ""long COVID"" or post-acute sequelae of SARS-CoV-2 infection (PASC). 

Studies indicate that a variety of complications can arise following recovery from COVID-19, affecting multiple organ systems. Commonly reported symptoms include fatigue, shortness of breath, and cognitive difficulties, often described as ""brain fog."" These symptoms can persist for weeks or even months after the initial infection has resolved. 

Respiratory complications are particularly concerning, as some individuals may experience ongoing lung issues, such as reduced lung function or pulmonary fibrosis, which can lead to chronic respiratory problems. Cardiovascular complications have also been documented, including myocarditis, pericarditis, and an increased risk of heart disease. 

Neurological effects are another area of concern, with reports of headaches, dizziness, and changes in mood or mental health, including anxiety and depression. Additionally, some individuals have experienced gastrointestinal issues, such as diarrhea and abdominal pain, which can persist long after the acute phase of the illness.

Moreover, there is evidence suggesting that COVID-19 may exacerbate pre-existing conditions, such as diabetes and hypertension, leading to more severe health outcomes in these populations. The risk of developing new health issues, such as diabetes or kidney problems, has also been noted in some studies.

In summary, while many individuals recover from COVID-19 without significant long-term effects, a notable subset experiences a range of complications that can impact their quality of life. Ongoing research is essential to fully understand the long-term implications of COVID-19 recovery and to develop effective management strategies for those affected. It is crucial for healthcare providers to monitor and support patients who have recovered from COVID-19, particularly those experiencing persistent symptoms."
35,"**New Public Datasets Related to COVID-19**

As the COVID-19 pandemic continues to evolve, researchers and public health officials are consistently generating and releasing new datasets to better understand the virus, its transmission, and its impact on populations. Here are some notable recent public datasets related to SARS-CoV-2 and COVID-19:

1. **COVID-19 Genomic Surveillance Data**: Several institutions, including the Global Initiative on Sharing All Influenza Data (GISAID) and the National Center for Biotechnology Information (NCBI), have released new genomic sequences of SARS-CoV-2. These datasets include information on variants of concern, mutations, and phylogenetic analyses, which are crucial for tracking the evolution of the virus and informing vaccine development.

2. **Longitudinal Patient Data**: The National Institutes of Health (NIH) has launched the All of Us Research Program, which now includes COVID-19 related health data from diverse populations. This dataset encompasses demographic information, health outcomes, and long-term effects of COVID-19, providing valuable insights into the virus's impact on different communities.

3. **COVID-19 Vaccination Data**: The Centers for Disease Control and Prevention (CDC) has updated its public vaccination datasets, which now include detailed information on vaccination rates by demographics, geographic locations, and vaccine types. This data is essential for understanding vaccination coverage and addressing disparities in vaccine access.

4. **Public Health Data on COVID-19 Interventions**: The World Health Organization (WHO) has released new datasets that evaluate the effectiveness of various public health interventions, such as mask mandates and social distancing measures. These datasets include case counts, hospitalization rates, and mortality rates before and after the implementation of specific interventions.

5. **Environmental Impact Data**: Recent studies have generated datasets examining the environmental impact of COVID-19 lockdowns, including air quality indices and pollution levels. These datasets provide insights into how reduced human activity during the pandemic has affected environmental health.

6. **Mental Health Impact Data**: New datasets from various health organizations are focusing on the mental health effects of the pandemic. These datasets include survey results on anxiety, depression, and other mental health conditions, providing a comprehensive view of the psychological impact of COVID-19 on different populations.

Researchers and public health officials can access these datasets through various platforms, including government health websites, academic repositories, and dedicated data-sharing initiatives. Continuous updates and new releases are expected as the global response to COVID-19 progresses, ensuring that the scientific community has the necessary tools to combat the pandemic effectively."
36,"The spike (S) protein of SARS-CoV-2 is a critical component of the virus, facilitating entry into host cells by binding to the angiotensin-converting enzyme 2 (ACE2) receptor. The spike protein is a trimeric glycoprotein, meaning it is composed of three identical subunits that form a functional unit. Each spike protein monomer consists of two main domains: the S1 subunit, which contains the receptor-binding domain (RBD), and the S2 subunit, which is responsible for membrane fusion.

Recent studies utilizing cryo-electron microscopy (cryo-EM) and X-ray crystallography have provided detailed insights into the structure of the SARS-CoV-2 spike protein. For instance, a landmark study published in 2020 by Walls et al. utilized cryo-EM to reveal the spike protein in its prefusion conformation, which is the form that the virus adopts before it fuses with the host cell membrane. This study demonstrated that the spike protein undergoes significant conformational changes upon receptor binding, transitioning from a closed to an open state, which exposes the RBD for interaction with ACE2.

Additionally, X-ray crystallography has been employed to analyze the RBD in complex with ACE2, providing atomic-level details of the interaction. These structural studies have highlighted the importance of specific amino acid residues in the RBD that are critical for binding affinity and specificity to ACE2, which has implications for vaccine design and therapeutic interventions.

The spike protein is heavily glycosylated, with numerous N-linked glycan chains that play a role in immune evasion and stability of the protein. Understanding the structural dynamics of the spike protein is essential for the development of vaccines, such as mRNA vaccines, which aim to elicit an immune response against the spike protein to prevent SARS-CoV-2 infection.

In summary, the protein structure of the SARS-CoV-2 spike has been extensively studied using advanced techniques like cryo-EM and crystallography, revealing its complex architecture and functional mechanisms that are crucial for viral entry and pathogenesis. These insights continue to inform ongoing research and public health strategies in combating COVID-19."
37,"**Phylogenetic Analysis of SARS-CoV-2 Genome Sequence**

Phylogenetic analysis of the SARS-CoV-2 genome has been pivotal in understanding the evolution, transmission, and diversity of the virus responsible for COVID-19. Numerous studies have employed various phylogenetic methods to analyze the genetic sequences of SARS-CoV-2, revealing insights into its origins and the emergence of different variants.

1. **Genomic Diversity and Lineage Classification**: The initial phylogenetic studies classified SARS-CoV-2 into several lineages based on genetic variations. The most widely recognized classification system is the PANGO lineage system, which categorizes the virus into lineages such as B.1.1.7 (Alpha), B.1.351 (Beta), P.1 (Gamma), and B.1.617.2 (Delta). These classifications are based on single nucleotide polymorphisms (SNPs) and other genomic features, allowing researchers to track the spread and evolution of specific variants.

2. **Origin and Evolution**: Phylogenetic analyses have suggested that SARS-CoV-2 is closely related to coronaviruses found in bats and pangolins, indicating a zoonotic origin. Studies have shown that the virus likely emerged from a common ancestor shared with these species, with subsequent mutations leading to the current strains. The analysis of early viral genomes has provided insights into the timeline of the virus's emergence and its adaptation to human hosts.

3. **Transmission Dynamics**: By analyzing the phylogenetic relationships among viral genomes from different geographical locations, researchers have been able to trace transmission pathways and identify super-spreader events. This has been crucial in understanding how the virus spreads within communities and across borders, informing public health responses.

4. **Variant Tracking and Vaccine Efficacy**: Ongoing phylogenetic studies are essential for monitoring the emergence of new variants, which may exhibit altered transmissibility or resistance to neutralization by antibodies generated from previous infections or vaccinations. For instance, the Delta variant showed increased transmissibility compared to earlier strains, prompting updates in public health guidelines and vaccine formulations.

5. **Global Collaboration and Data Sharing**: The rapid sharing of genomic data through platforms like GISAID has facilitated extensive phylogenetic analyses worldwide. This collaborative effort has enabled researchers to compile large datasets, enhancing the resolution of phylogenetic trees and improving our understanding of the virus's evolution.

In conclusion, phylogenetic analysis of the SARS-CoV-2 genome has provided critical insights into the virus's origins, evolution, and transmission dynamics. Ongoing research in this area continues to be vital for public health strategies, vaccine development, and preparedness for future outbreaks."
38,"**COVID-19 Inflammatory Response and Pathogenesis**

The inflammatory response in COVID-19 is a complex process that involves various immune cells and signaling pathways. Upon infection with the SARS-CoV-2 virus, the body’s immune system recognizes viral components, leading to the activation of innate immune responses. This includes the release of pro-inflammatory cytokines such as interleukin-6 (IL-6), tumor necrosis factor-alpha (TNF-α), and interleukin-1 beta (IL-1β). These cytokines play a crucial role in recruiting immune cells, including neutrophils, macrophages, and lymphocytes, to the site of infection, resulting in inflammation.

The pathogenesis of COVID-19 is characterized by a dysregulated inflammatory response, often referred to as a ""cytokine storm."" This hyper-inflammatory state can lead to acute respiratory distress syndrome (ARDS), multi-organ failure, and increased mortality. Studies have shown that patients with severe COVID-19 exhibit elevated levels of inflammatory markers, which correlate with disease severity. The infiltration of immune cells into lung tissue contributes to alveolar damage, impaired gas exchange, and respiratory complications.

Anti-inflammatory drugs, particularly corticosteroids like dexamethasone, have been shown to reduce mortality in severe COVID-19 cases by dampening the excessive inflammatory response. Corticosteroids work by inhibiting the production of pro-inflammatory cytokines and modulating immune cell activity, thus preventing further tissue damage. The RECOVERY trial demonstrated that dexamethasone significantly improved outcomes in patients requiring supplemental oxygen or mechanical ventilation.

In addition to corticosteroids, vitamin supplements such as vitamin D and vitamin C have been investigated for their potential roles in modulating the immune response. Vitamin D is known to enhance the pathogen-fighting effects of monocytes and macrophages, while vitamin C is an antioxidant that can reduce oxidative stress and inflammation. Some studies suggest that adequate levels of these vitamins may support immune function and reduce the severity of COVID-19, although more research is needed to establish definitive benefits.

In summary, the inflammatory response in COVID-19 is a critical factor in disease pathogenesis, with a complex interplay of immune cells and cytokines leading to severe outcomes. Therapeutic strategies targeting this inflammatory response, including corticosteroids and possibly vitamin supplementation, are essential in managing severe cases of COVID-19. Ongoing research continues to explore the mechanisms underlying these responses and the efficacy of various treatments."
39,"**Cytokine Storm Syndrome in COVID-19: Mechanisms and Therapeutic Approaches**

Cytokine storm syndrome (CSS) is a hyper-inflammatory response characterized by the excessive release of pro-inflammatory cytokines, which can lead to severe tissue damage and organ failure. In the context of COVID-19, caused by the SARS-CoV-2 virus, CSS has been identified as a critical factor contributing to the severity of the disease, particularly in patients with acute respiratory distress syndrome (ARDS).

**Mechanism of Cytokine Storm in COVID-19:**

The mechanism underlying cytokine storm in COVID-19 involves several key processes:

1. **Viral Entry and Immune Activation**: SARS-CoV-2 enters host cells primarily through the ACE2 receptor, leading to viral replication and subsequent cell death. This triggers the innate immune response, activating macrophages and dendritic cells, which release pro-inflammatory cytokines such as IL-6, IL-1β, and TNF-α.

2. **Dysregulated Immune Response**: In some individuals, particularly those with comorbidities or older age, the immune response becomes dysregulated. The initial immune activation fails to control the viral replication, leading to a sustained and exaggerated inflammatory response. This results in a feedback loop where cytokines further recruit immune cells, exacerbating inflammation.

3. **Endothelial Dysfunction**: The inflammatory cytokines can cause endothelial cell activation and dysfunction, leading to increased vascular permeability, coagulopathy, and microvascular thrombosis. This contributes to the development of ARDS and multi-organ failure.

4. **T-cell Activation and Exhaustion**: The adaptive immune response, particularly T-cells, is also affected. While CD4+ and CD8+ T-cells are activated, they can become exhausted due to chronic stimulation, leading to ineffective viral clearance and prolonged inflammation.

**Therapeutic Approaches for Cytokine Storm in COVID-19:**

Several therapeutic strategies have been explored to mitigate cytokine storm in COVID-19 patients:

1. **Corticosteroids**: Dexamethasone has been shown to reduce mortality in severe COVID-19 cases by dampening the inflammatory response. It is recommended for patients requiring supplemental oxygen or mechanical ventilation.

2. **IL-6 Inhibitors**: Drugs such as tocilizumab and sarilumab, which inhibit IL-6 signaling, have been investigated for their potential to reduce inflammation and improve outcomes in patients experiencing cytokine storms.

3. **Janus Kinase (JAK) Inhibitors**: Medications like baricitinib and ruxolitinib target the JAK-STAT signaling pathway, which is involved in cytokine signaling. These have shown promise in reducing inflammation and improving clinical outcomes.

4. **Antiviral Therapies**: While primarily aimed at reducing viral load, antiviral agents such as remdesivir may also help in preventing the excessive immune response by controlling viral replication.

5. **Monoclonal Antibodies**: Other monoclonal antibodies targeting various cytokines or immune pathways are under investigation, including those targeting IL-1β and GM-CSF.

In conclusion, the cytokine storm syndrome in COVID-19 is a complex interplay of immune dysregulation and inflammation, leading to severe clinical manifestations. Understanding the underlying mechanisms has paved the way for targeted therapies that aim to modulate the immune response and improve patient outcomes. Ongoing research continues to refine these therapeutic strategies and explore new avenues for treatment."
40,"**Document: Observed Mutations in the SARS-CoV-2 Genome**

The SARS-CoV-2 virus, responsible for COVID-19, has undergone numerous mutations since its emergence in late 2019. These mutations are primarily observed in the virus's RNA genome, which is approximately 30,000 nucleotides long. The mutations can occur due to various mechanisms, including errors during viral replication, selective pressure from the host immune response, and the use of antiviral treatments. 

One of the most notable mutations is the D614G mutation in the spike protein, which has been associated with increased transmissibility. Studies have shown that this mutation became dominant globally, suggesting a selective advantage. Other significant mutations include the N501Y mutation, found in variants such as B.1.1.7 (Alpha variant) and B.1.351 (Beta variant), which enhances the virus's ability to bind to the ACE2 receptor on human cells, potentially increasing infectivity.

The frequency of mutations in SARS-CoV-2 is estimated to be about 1-2 mutations per month, which is relatively low compared to other RNA viruses. However, certain lineages have shown accelerated mutation rates, particularly in regions of the genome associated with the spike protein. The emergence of variants of concern (VOCs) has raised alarms due to their potential impact on vaccine efficacy and therapeutic interventions.

Research has indicated that mutations can lead to changes in the virus's pathogenicity, including altered transmissibility and virulence. For instance, the P.1 variant (Gamma variant) has been associated with increased reinfection rates and potential resistance to neutralizing antibodies. The clinical implications of these mutations are significant, as they may affect vaccine effectiveness, diagnostic accuracy, and treatment strategies.

Ongoing genomic surveillance is crucial to monitor these mutations and their implications. Studies utilizing next-generation sequencing have been pivotal in identifying and tracking the emergence of variants, providing insights into the evolutionary dynamics of SARS-CoV-2. Understanding the mechanisms behind these mutations and their clinical consequences is essential for public health responses and the development of effective vaccines and therapeutics. 

In summary, the genomic diversity of SARS-CoV-2 is shaped by recurrent mutations, with significant implications for its transmissibility, pathogenicity, and response to public health measures. Continued research and monitoring are vital to address the challenges posed by these evolving variants."
